{
  "model/formatter-dbg.js": 1655162531751,
  "controller/App.controller.js": 1655162531747,
  "utils/locate-reuse-libs.js": 1655162531751,
  "model/models.js": 1655162531751,
  "model/formatter.js": 1655162531751,
  "controller/Worklist.controller.js": 1655162531747,
  "controller/Object.controller.js": 1655162531747,
  "controller/NotFound.controller.js": 1655162531747,
  "controller/ErrorHandler.js": 1655162531747,
  "controller/BaseController.js": 1655162531747,
  "manifest.json": 1655323680565,
  "Component.js": 1655162531747,
  "manifest-bundle.zip": 1655323680578,
  "Component-preload.js": 1655323681039,
  "controller/NotFound-dbg.controller.js": 1655162531747,
  "model/models-dbg.js": 1655162531751,
  "i18n/i18n.properties": 1655162531751,
  "controller/Worklist-dbg.controller.js": 1655162531747,
  "controller/Object-dbg.controller.js": 1655162531747,
  "utils/locate-reuse-libs-dbg.js": 1655162531751,
  "controller/ErrorHandler-dbg.js": 1655162531747,
  "controller/BaseController-dbg.js": 1655162531747,
  "controller/App-dbg.controller.js": 1655162531747,
  "Component-dbg.js": 1655162531747,
  "view/Worklist.view.xml": 1655162531751,
  "view/ObjectNotFound.view.xml": 1655162531751,
  "view/Object.view.xml": 1655162531751,
  "view/NotFound.view.xml": 1655162531751,
  "view/App.view.xml": 1655162531751,
  "index.html": 1655162531751
}